1;Smartphone Android 128GB;Eletronicos;1499.90
2;Fone de Ouvido Bluetooth;Eletronicos;129.90
3;Smartwatch Esportivo;Eletronicos;299.00
4;Carregador Portatil Power Bank;Eletronicos;89.90
5;Caixa de Som Portatil;Eletronicos;159.00
6;Tablet 10 Polegadas;Eletronicos;850.00
7;Camera de Seguranca Wi-Fi;Eletronicos;199.90
8;Assistente Virtual Smarthome;Eletronicos;249.00
9;Cafe Torrado e Moido 500g;Alimentos;18.50
10;Azeite de Oliva Extra Virgem 500ml;Alimentos;38.90
11;Chocolate Meio Amargo 100g;Alimentos;7.50
12;Arroz Integral 1kg;Alimentos;6.80
13;Castanha de Caju 200g;Alimentos;22.00
14;Mel Natural de Abelha 500g;Alimentos;29.90
15;Geleia de Morango Artesanal 250g;Alimentos;16.00
16;Biscoito Amanteigado 300g;Alimentos;12.50
17;Camiseta Algodão Basica;Vestuario;49.90
18;Calca Jeans Masculina;Vestuario;119.90
19;Tenis Esportivo Corrida;Vestuario;219.00
20;Jaqueta de Couro Sintetico;Vestuario;289.90
21;Meia Soquete Kit 3 Pares;Vestuario;25.00
22;Vestido Floral de Verao;Vestuario;89.90
23;Bermuda Tactel;Vestuario;39.90
24;Moletom com Capuz Unissex;Vestuario;139.90
25;O Senhor dos Aneis - Volume Unico;Livros;89.90
26;Algoritmos e Estruturas de Dados;Livros;115.00
27;Dom Casmurro - Machado de Assis;Livros;29.90
28;C Limpo e Pratico - Guia de Programacao;Livros;65.00
29;Sapiens - Uma Breve Historia da Humanidade;Livros;54.90
30;Hábitos Atomicos;Livros;49.90
31;1984 - George Orwell;Livros;35.00
32;O Hobbit;Livros;42.00
33;Luminaria de Mesa Articulada;Casa e Decoracao;79.90
34;Jogo de Cama Casal 3 Pecas;Casa e Decoracao;129.00
35;Vaso Decorativo de Ceramica;Casa e Decoracao;45.00
36;Quadro Decorativo Moderno;Casa e Decoracao;69.90
37;Jogo de Toalhas de Banho 4 Pecas;Casa e Decoracao;89.90
38;Relogio de Parede Digital;Casa e Decoracao;59.90
39;Almofada Aveludada 45x45;Casa e Decoracao;29.90
40;Difusor de Aromas Ultrassonico;Casa e Decoracao;99.00
